Metric,Logistic Regression,Random Forest
Accuracy,0.8540349845656328,0.8584448037630457
F1 Score,0.8301396875011973,0.8380274443259405
Precision (weighted),0.8670363722904948,0.8666120535404205
Recall (weighted),0.8540349845656329,0.8584448037630457
AUC-ROC,0.8906078609273513,0.8795460518850494
Training Time (s),35.41022706031799,52.24497079849243
