{
  "logistic_regression": {
    "accuracy": 0.8540349845656328,
    "f1": 0.8301396875011973,
    "precision": 0.8670363722904948,
    "recall": 0.8540349845656329,
    "auc_roc": 0.8906078609273513,
    "train_time": 35.41022706031799
  },
  "random_forest": {
    "accuracy": 0.8584448037630457,
    "f1": 0.8380274443259405,
    "precision": 0.8666120535404205,
    "recall": 0.8584448037630457,
    "auc_roc": 0.8795460518850494,
    "train_time": 52.24497079849243
  }
}